USE FDB;

INSERT INTO Club (CLUBID, CLUBNAME, STADIUM, CURRENTPOSITION) VALUES
  (1, "Arsenal", "Emirates", 6),
  (2, "Chelsea", "Stamford Bridge", 4),
  (3, "Tottenham", "White Heart Lane", 5),
  (4, "Man City", "The Etihad Arena", 1)
;

INSERT INTO Position_History (CLUBID, COMPETITION, YEAR, POSITION) VALUES
  (2, "Premier League", 2017, 1),
  (3, "Premier League", 2017, 2),
  (4, "Premier League", 2017, 3),
  (1, "Premier League", 2017, 5),
  (1, "Premier League", 2016, 2),
  (3, "Premier League", 2016, 3),
  (4, "Premier League", 2016, 4),
  (2, "Premier League", 2016, 10),
  (2, "Premier League", 2015, 1),
  (4, "Premier League", 2015, 2),
  (1, "Premier League", 2015, 3),
  (3, "Premier League", 2015, 5)
;

INSERT INTO Player (CLUBID, FNAME, LNAME, SQUADNO, PLAYERPOSITION, HEIGHT, PREFFOOT, DOB, CLUBAPPS, SEASONAPPS, NATIONALITY, CLUBGOALS, SEASONGOALS, SEASONASSISTS, CLEANSHEETS) VALUES
  (1, "Petr", "Cech", 33, "GK", "6f4", "L", '1982-10-05', 105, 26, "Czech", 0, 0, 0, 10),
  (1, "Per", "Mertesacker", 4, "DEF", "6f5", "R", '1984-09-29', 220, 11, "Germany", 10, 2, 1, 0),
  (1, "Laurent", "Koscielny", 6, "DEF", "6f1", "R", '1985-09-10', 311, 20, "France", 23, 1, 0, 0),
  (1, "Rob", "Holding", 16, "DEF", "6f1", "R",  '1995-09-20', 37, 19, "England", 1, 1, 0, 0),
  (1, "Nacho", "Monreal", 18, "DEF", "5f9", "R", '1986-02-26', 197, 23, "Spain", 6, 3, 2, 0),
  (1, "Shkodran", "Mustafi", 20, "DEF", "6f0", "L", '1992-04-17', 55, 18, "Germany", 4, 2, 1, 0),
  (1, "Hector", "Bellerin", 24, "DEF", "5f8", "R", '1995-03-19', 143, 28, "Spain", 7, 3, 1, 0),
  (1, "Sead", "Kolasinac", 31, "DEF", "6f0", "R", '1993-06-20', 22, 18, "Bosnia", 3, 3, 4, 0),
  (1, "Henrikh", "Mkhitaryan", 7, "MID", "5f8", "L", '1989-01-21', 1, 1, "Armenia", 0, 0, 0, 0),
  (1, "Aaron", "Ramsey", 9, "MID", "5f10", "B", '1990-12-26', 317, 18, "Wales", 51, 3, 8, 0),
  (1, "Jack", "Wilshere", 10, "MID", "5f8", "B", '1992-01-01', 183, 23, "England", 14, 2, 5, 0),
  (1, "Mesut", "Ozil", 11, "MID", "5f11", "L", '1988-10-15', 182, 21, "Germany", 36, 4, 6, 0),
  (1, "Santi", "Cazorla", 19, "MID", "5f6", "L", '1984-12-13', 180, 0, "Spain", 29, 0, 0, 0),
  (1, "Granit", "Xhaka", 29, "MID", "6f1", "B", '1992-09-27', 74, 28, "Switzerland", 6, 2, 5, 0),
  (1, "Mohamed", "Elneny", 35, "MID", "5f11", "L", '1992-07-11', 60, 20, "Egypt", 2, 1, 6, 0),
  (1, "Alexandre", "Lacazette", 9, "FWD", "5f9", "R", '1991-05-28', 28, 28, "France", 9, 9, 0, 0),
  (1, "Alex", "Iwobi", 17, "FWD", "6f0", "R", '1996-05-03', 82, 23, "Nigeria", 8, 2, 5, 0),
  (1, "Danny", "Welbeck", 23, "FWD", "6f0", "R", '1990-11-26', 91, 22, "England", 22, 5, 2, 0),
  (1, "David", "Ospina", 13, "GK", "6f0", "R", '1988-08-31', 58, 9, "Columbia", 0, 0, 4, 4),
  (1, "Pierre-Emerick", "Aubameyang", 14, "FWD", "6f0", "R", '1989-06-18', 0, 0, "Gabon", 0, 0, 0, 0),
  (2, "Thibaut", "Courtois", 13, "GK", "6f5", "L", '1992-5-11', 139, 23, "Belgium", 0, 0, 0, 12),
  (2, "Marcos", "Alonso", 3, "DEF", "6f2", "R", '1990-12-28', 68, 33, "Spain", 13, 7, 2, 0),
  (2, "Antonio", "Ruediger", 2, "DEF", "6f3", "R", '1993-03-03', 29, 29, "Germany", 3, 3, 1, 0),
  (2, "Andreas", "Christensen", 27, "DEF", "6f2", "R", '1996-04-10', 31, 28, "Denmark", 0, 0, 0, 0),
  (2, "Cesar", "Azpilicueta", 28, "DEF", "5f10", "R", '1989-08-28', 261, 33, "Spain", 7, 2, 3, 0),
  (2, "Victor", "Moses", 15, "DEF", "5f9", "R", '1990-12-12', 106, 22, "Nigerian", 16, 2, 1, 0),
  (2, "Tiemoue", "Bakayoko", 14, "MID", "6f2", "R", '1994-08-17', 33, 33, "France", 3, 3, 1, 0),
  (2, "NGolo", "Kante", 7, "MID", "5f6", "R", '1991-03-29', 71, 21, "France", 3, 1, 1, 0),
  (2, "Eden", "Hazard", 10, "FWD", "5f8", "B", '1991-1-7', 281, 32, "Belgium", 84, 12, 2, 0),
  (2, "Willian", "-", 22, "FWD", "5f8", "R", '1988-08-09', 218, 37, "Brazil", 39, 8, 6,0),
  (2, "Alvaro", "Morata", 9, "FWD", "6f1", "R", '1992-10-23', 31, 31, "Spain", 12, 12, 3, 0),
  (2, "David", "Luiz", 30, "DEF", "6f2", "B", '1987-04-22', 197, 16, "Brazil", 15, 2, 4,0),
  (2, "Ross", "Barkley", 8, "MID", "6f1", "R", '1993-12-5', 2, 2, "England", 0, 0, 1, 0),
  (2, "Cesc", "Fabregas", 4, "MID", "5f11", "R", '1987-5-4', 164, 31, "Spain", 20, 2, 0, 0),
  (2, "Pedro", "-", 11, "FWD", "5f8", "B", '1987-7-28', 113, 30, "Spain", 26, 5, 3, 0),
  (2, "Danny", "Drinkwater", 6, "MID", "5f10", "R", '1990-3-5', 18, 18, "England", 1, 1, 8, 0),
  (2, "Olivier", "Giroud", 18, "FWD", "6f3", "L", '1986-9-30', 0, 0, "France", 0, 0, 0, 0),
  (2, "Gary", "Cahill", 24, "DEF", "6f4", "R", '1985-12-19', 268, 29, "England", 25, 0, 0, 0),
  (2, "Davide", "Zappacosta", 21, "DEF", "5f11", "R", '1992-6-11', 25, 25, "Italy", 2, 2, 1, 0),
  (2, "Willy", "Caballero", 1, "GK", "6f1", "R", '1981-9-28', 8, 8, "Argentina", 0, 0, 0, 3),
  (3, "Hugo", "Lloris", 1, "GK", "6f2", "L", '1986-12-26', 240, 29, "France", 0, 0, 0, 0),
  (3, "Kieran", "Trippier", 2, "DEF", "5f7", "R", '1990-9-19', 64, 23, "England", 1, 0, 0, 0),
  (3, "Danny", "Rose", 3, "DEF", "5f7", "L", '1990-7-2', 153, 9, "England", 10, 0, 0, 0),
  (3, "Toby", "Alderweireld", 4, "DEF", "6f1", "R", '1989-3-2', 103, 15, "Belgium", 6, 0, 1, 0),
  (3, "Jan", "Vertonghen", 5, "DEF", "6f2", "L", '1987-4-24', 237, 33, "Belgium", 10, 1, 1, 0),
  (3, "Davindson", "Sanchez", 6, "DEF", "6f1", "R", '1996-6-12', 28, 28, "Columbia", 1, 1, 1, 0),
  (3, "Hueng-Min", "Son", 7, "FWD", "6f0", "B", '1992-08-07', 121, 34, "South Korea", 40, 11, 0, 0),
  (3, "Harry", "Kane", 10, "FWD", "6f2", "R", '1993-7-28', 197, 32, "England", 130, 31, 3, 0),
  (3, "Erik", "Lamela", 11, "FWD", "6f0", "L", '1992-04-03', 135, 14, "Argentina", 19, 0, 2, 0),
  (3, "Victor", "Wanyama", 12, "MID", "6f0", "R", '1991-6-25', 57, 10, "Kenya", 6, 1, 0, 0),
  (3, "Michel", "Vorm", 13, "GK", "6f0", "R", '1983-10-20', 38, 6, "Netherlands", 0, 0, 0, 0),
  (3, "Eric", "Dier", 15, "DEF", "6f2", "R", '1994-1-15', 169, 34, "England", 8, 0, 0, 0),
  (3, "Moussa", "Sissoko", 17, "MID", "6f1", "R", '1989-8-16', 68, 34, "France", 2, 2, 0, 0),
  (3, "Fernando", "Llorente", 18, "FWD", "6f3", "R", '1985-2-26', 24, 24, "Spain", 2, 2, 0, 0),
  (3, "Mousa", "Dembele", 19, "MID", "6f1", "L", '1987-7-16', 223, 26, "Belgium", 10, 0, 0, 0),
  (3, "Dele", "Alli", 20, "MID", "6f1", "R", '1996-4-11', 128, 32, "England", 41, 9, 2, 0),
  (3, "Christian", "Eriksen", 23, "MID", "5f8", "R", '1992-2-14', 209, 30, "Denmark", 50, 8, 6, 0),
  (3, "Serge", "Aurier", 24, "DEF", "5f8", "R", '1992-12-24', 17, 17, "Ivory Coast", 1, 1, 1, 0),
  (3, "Ben", "Davies", 33, "DEF", "5f9", "L", '1993-4-24', 116, 26, "Wales", 4, 2, 0, 0),
  (3, "Lucas", "Moura", 27, "FWD", "5f7", "R", '1992-8-13', 0, 0, "Brazil", 0, 0, 0, 0),
  (4, "Claudio", "Bravo", 1, "GK", "6f0", "R", '1983-4-13', 38, 8, "Chile", 0, 0, 0, 3),
  (4, "Ederson", "-", 31, "GK", "6f2", "L", '1993-8-17', 31, 31, "Brazil", 0, 0, 0, 15),
  (4, "Benjamin", "Mendy", 22, "DEF", "6f0", "L", '1994-7-17', 5, 5, "France", 1, 1, 1, 0),
  (4, "Danilo", "-", 3, "DEF", "6f0", "R", '1991-7-15', 24, 24, "Brazil", 1, 1, 0, 0),
  (4, "Kyle", "Walker", 2, "DEF", "5f11", "R", '1990-5-28', 34, 34, "England", 0, 0, 0, 0),
  (4, "John", "Stones", 5, "DEF", "6f2", "R", '1994-5-24', 65, 24, "England", 5, 3, 0, 0),
  (4, "Nicolas", "Otamendi", 30, "DEF", "6f0", "R", '1988-2-12', 124, 32, "Argentina", 7, 5, 1, 0),
  (4, "Vincent", "Kompany", 4, "DEF", "6f4", "R", '1986-4-10', 323, 10, "Belgium", 17, 0, 1, 0),
  (4, "Ilkay", "Gundogan", 8, "MID", "5f11", "R", '1990-10-24', 45, 29, "German", 7, 2, 0, 0),
  (4, "Kevin", "De Bruyne", 17, "MID", "5f11", "R", '1991-6-28', 125, 35, "Belgium", 34, 11, 2, 0),
  (4, "Fabian", "Delph", 18, "MID", "5f8", "L", '1989-11-21', 61, 21, "England", 5, 1, 0, 0),
  (4, "Bernardo", "Silva", 20, "MID", "5f8", "L", '1994-8-10', 36, 36, "Portugal", 4, 4, 0, 0),
  (4, "Fernandinho", "-", 25, "MID", "5f9", "R", '1985-04-05', 217, 34, "Brazil", 20, 3, 1, 0),
  (4, "David", "Silva", 21, "MID", "5f7", "L", '1986-01-08', 333, 27, "Spain", 56, 5, 2, 0),
  (4, "Yaya", "Toure", 42, "MID", "6f1", "R", '1983-05-13', 310, 11, "Ivory Coast", 79, 0, 0, 0),
  (4, "Raheem", "Sterling", 7, "FWD", "5f6", "R", '1994-12-8', 128, 34, "England", 40, 19, 1, 0),
  (4, "Gabriel", "Jesus", 33, "FWD", "5f7", "R", '1997-4-3', 38, 27, "Brazil", 17, 10, 2, 0),
  (4, "Sergio", "Aguero", 10, "FWD", "5f7", "R", '1988-6-2', 284, 31, "Argentina", 193, 24, 5, 0),
  (4, "Leroy", "Sane", 19, "FWD", "6f0", "L", '1996-1-11', 70, 33, "German", 20, 11, 6, 0),
  (4, "Aymeric", "Laporte", 14, "DEF", "6f2", "L", '1994-5-27', 1, 1, "France", 0, 0, 0, 0)
;

INSERT INTO Manager (CLUBID, FNAME, LNAME, DOB, JOINEDCLUB, NATIONALITY) VALUES
  (1, "Arsene", "Wenger", '1949-10-22', '1996-1-10', "France"),
  (2, "Antonio", "Conte", '1969-07-31', '2016-4-1', "Italy"),
  (3, "Mauricio", "Pochettino", '1972-3-2', '2014-5-27', "Argentina"),
  (4, "Pep", "Guardiola", '1971-1-18', '2013-1-16', "Spanish")
;

INSERT INTO Stadium (NAME, CLUBID, ADDRESS, POSTCODE, CAPACITY, DATEBUILT) VALUES
  ("Emirates", 1, "Hornsey Road, London", "N7 7AJ", 59867, '2006-7-22'),
  ("Stamford Bridge", 2, "Fulham Road, Fulham, London", "SW6 1HS", 41631, '1876-1-1'),
  ("White Hart Lane", 3, "High Road, Tottenham", "N17 0AP", 36284, '1899-4-9'),
  ("The Etihad", 4, "Ashton New Road, Manchester", "M11 3FF", 55097, '2003-10-8')
;

INSERT INTO Trophy (COMPETITION, YEAR, CLUBID) VALUES
  ("Premier League", 1998, 1),
  ("Premier League", 2002, 1),
  ("Premier League", 2004, 1),
  ("Premier League", 2005, 2),
  ("Premier League", 2006, 2),
  ("Premier League", 2010, 2),
  ("Premier League", 2012, 4),
  ("Premier League", 2014, 4),
  ("Premier League", 2015, 4),
  ("Premier League", 2017, 2),
  ("FA Cup", 1998, 1),
  ("FA Cup", 2000, 2),
  ("FA Cup", 2002, 1),
  ("FA Cup", 2003, 1),
  ("FA Cup", 2005, 1),
  ("FA Cup", 2007, 2),
  ("FA Cup", 2009, 2),
  ("FA Cup", 2010, 2),
  ("FA Cup", 2011, 4),
  ("FA Cup", 2012, 2),
  ("FA Cup", 2014, 1),
  ("FA Cup", 2015, 1),
  ("FA Cup", 2017, 1),
  ("Champions League", 2012, 2)
;

INSERT INTO Fixture (MATCHDATE, HOMETEAM, AWAYTEAM, HOMETEAMSCORE, AWAYTEAMSCORE) VALUES
  /* 14/15 Season */
  ('2014-08-18', "Burnley",  "Chelsea",  1, 3 ),
  ('2014-08-23', "Chelsea",  "Leicester City",  2, 0 ),
  ('2014-08-30', "Everton",  "Chelsea",  3, 6 ),
  ('2014-09-13', "Chelsea",  "Swansea City",  4, 2 ),
  ('2014-09-21', "Man City",  "Chelsea",  1, 1 ),
  ('2014-09-27', "Chelsea",  "Aston Villa",  3, 0 ),
  ('2014-10-05', "Chelsea",  "Arsenal",  2, 0 ),
  ('2014-10-18', "Crystal Palace",  "Chelsea",  1, 2 ),
  ('2014-10-26', "Manchester United",  "Chelsea",  1, 1 ),
  ('2014-11-01', "Chelsea",  "QPR",  2, 1 ),
  ('2014-11-08', "Liverpool",  "Chelsea",  1, 2 ),
  ('2014-11-22', "Chelsea",  "West Brom",  2, 0 ),
  ('2014-11-29', "Sunderland",  "Chelsea",  0, 0 ),
  ('2014-12-03', "Chelsea",  "Tottenham",  3, 0 ),
  ('2014-12-06', "Newcastle United",  "Chelsea",  2, 1 ),
  ('2014-12-13', "Chelsea",  "Hull City",  2, 0 ),
  ('2014-12-22', "Stoke City",  "Chelsea",  0, 2 ),
  ('2014-12-26', "Chelsea",  "West ham United",  2, 0 ),
  ('2014-12-28', "Southampton",  "Chelsea",  1, 1 ),
  ('2015-01-01', "Tottenham",  "Chelsea",  5, 3 ),
  ('2015-01-10', "Chelsea",  "Newcastle United",  2, 0 ),
  ('2015-01-17', "Swansea City",  "Chelsea",  0, 5 ),
  ('2015-01-31', "Chelsea",  "Manchester United",  1, 1 ),
  ('2015-02-07', "Aston Villa",  "Chelsea",  1, 2 ),
  ('2015-02-11', "Chelsea",  "Everton",  1, 0 ),
  ('2015-02-21', "Chelsea",  "Burnley",  1, 1 ),
  ('2015-03-04', "West Ham United",  "Chelsea",  0, 1 ),
  ('2015-03-15', "Chelsea",  "Southampton",  1, 1 ),
  ('2015-03-22', "Hull City",  "Chelsea",  2, 3 ),
  ('2015-04-04', "Chelsea",  "Stoke City",  2, 1 ),
  ('2015-04-12', "QPR",  "Chelsea",  0, 1 ),
  ('2015-04-18', "Chelsea",  "Manchester United",  1, 0 ),
  ('2015-04-26', "Arsenal",  "Chelsea",  0, 0 ),
  ('2015-04-29', "Leicester City",  "Chelsea",  1, 3 ),
  ('2015-05-03', "Chelsea",  "Crystal Palace",  1, 0 ),
  ('2015-05-10', "Chelsea",  "Liverpool",  1, 1 ),
  ('2015-05-18', "West Brom",  "Chelsea",  3, 0 ),
  ('2015-05-24', "Chelsea",  "Sunderland",  3, 1 ),
  /*15/16 Season*/
  ('2015-08-08', "Chelsea",  "Swansea City",  2, 2 ),
  ('2015-08-16', "Man City",  "Chelsea",  3, 0 ),
  ('2015-08-23', "West Brom",  "Chelsea",  2, 3 ),
  ('2015-08-29', "Chelsea",  "Crystal Palace",  1, 2 ),
  ('2015-09-12', "Everton",  "Chelsea",  3, 1 ),
  ('2015-09-19', "Chelsea",  "Arsenal",  2, 0 ),
  ('2015-09-26', "Newcastle United",  "Chelsea",  2, 2 ),
  ('2015-10-12', "Chelsea",  "Southampton",  1, 3 ),
  ('2015-10-17', "Chelsea",  "Aston Villa",  2, 0 ),
  ('2015-10-24', "West Ham United",  "Chelsea",  2, 1 ),
  ('2015-10-31', "Chelsea",  "Liverpool",  1, 3 ),
  ('2015-11-07', "Stoke City",  "Chelsea",  1, 0 ),
  ('2015-11-21', "Chelsea",  "Norwich",  1, 0 ),
  ('2015-11-29', "Tottenham",  "Chelsea",  0, 0 ),
  ('2015-12-05', "Chelsea",  "Bournemouth",  0, 1 ),
  ('2015-12-14', "Leicester City",  "Chelsea",  2, 1 ),
  ('2015-12-19', "Chelsea",  "Sunderland",  3, 1 ),
  ('2015-12-26', "Chelsea",  "Watford",  2, 2 ),
  ('2015-12-28', "Manchester United",  "Chelsea",  0, 0 ),
  ('2016-01-03', "Crystal Palace",  "Chelsea",  0, 3 ),
  ('2016-01-13', "Chelsea",  "West Brom",  2, 2 ),
  ('2016-01-16', "Chelsea",  "Everton",  3, 3 ),
  ('2016-01-24', "Arsenal",  "Chelsea",  0, 1 ),
  ('2016-02-03', "Watford",  "Chelsea",  0, 0 ),
  ('2016-02-07', "Chelsea",  "Manchester United",  1, 1 ),
  ('2016-02-13', "Chelsea",  "Newcastle United",  5, 1 ),
  ('2016-02-27', "Southampton",  "Chelsea",  1, 2 ),
  ('2016-03-01', "Norwich City",  "Chelsea",  1, 2 ),
  ('2016-03-05', "Chelsea",  "Stoke City",  1, 1 ),
  ('2016-03-19', "Chelsea",  "West Ham United",  2, 2 ),
  ('2016-04-02', "Aston Villa",  "Chelsea",  0, 4 ),
  ('2016-04-09', "Swansea City",  "Chelsea",  1, 0 ),
  ('2016-04-16', "Chelsea",  "Man City",  0, 3 ),
  ('2016-04-23', "Bournemouth",  "Chelsea",  1, 4 ),
  ('2016-05-02', "Chelsea",  "Tottenham",  2, 2 ),
  ('2016-05-07', "Sunderland",  "Chelsea",  3, 2 ),
  ('2016-05-11', "Liverpool",  "Chelsea",  1, 1 ),
  ('2016-05-15', "Chelsea",  "Leicester City",  1, 1 ),

  /* 16/17 Season */
  ('2016-08-15', "Chelsea",  "West Ham United",  2, 1 ),
  ('2016-08-20', "Watford",  "Chelsea",  1, 2 ),
  ('2016-08-27', "Chelsea",  "Burnley",  3, 0 ),
  ('2016-09-11', "Swansea City",  "Chelsea",  2, 2 ),
  ('2016-09-16', "Chelsea",  "Liverpool",  1, 2 ),
  ('2016-09-24', "Arsenal",  "Chelsea",  3, 0 ),
  ('2016-10-01', "Hull City",  "Chelsea",  0, 2 ),
  ('2016-10-15', "Chelsea",  "Leicester City",  3, 0 ),
  ('2016-10-23', "Chelsea",  "Manchester United",  4, 0 ),
  ('2016-10-30', "Southampton",  "Chelsea",  0, 2 ),
  ('2016-11-05', "Chelsea",  "Everton",  5, 0 ),
  ('2016-11-20', "Middlesbrough",  "Chelsea",  0, 1 ),
  ('2016-11-26', "Chelsea",  "Tottenham",  2, 1 ),
  ('2016-12-03', "Man City",  "Chelsea",  1, 3 ),
  ('2016-12-11', "Chelsea",  "West Brom",  1, 0 ),
  ('2016-12-14', "Sunderland",  "Chelsea",  0, 1 ),
  ('2016-12-17', "Crystal Palace",  "Chelsea",  0, 1 ),
  ('2016-12-26', "Chelsea",  "Bournemouth",  3, 0 ),
  ('2016-12-31', "Chelsea",  "Stoke City",  4, 2 ),
  ('2017-01-04', "Tottenham",  "Chelsea",  2, 0 ),
  ('2017-01-14', "Leciester City",  "Chelsea",  0, 3 ),
  ('2017-01-22', "Chelsea",  "Hull City",  2, 0 ),
  ('2017-01-31', "Liverpool",  "Chelsea",  1, 1 ),
  ('2017-02-04', "Chelsea",  "Arsenal",  3, 1 ),
  ('2017-02-12', "Burnley",  "Chelsea",  1, 1 ),
  ('2017-02-25', "Chelsea",  "Swansea City",  3, 1 ),
  ('2017-03-06', "West Ham United",  "Chelsea",  1, 2 ),
  ('2017-03-18', "Stoke City",  "Chelsea",  1, 2 ),
  ('2017-04-01', "Chelsea",  "Crystal Palace",  1, 2 ),
  ('2017-04-05', "Chelsea",  "Man City",  2, 1 ),
  ('2017-04-08', "Bournemouth",  "Chelsea",  1, 3 ),
  ('2017-04-16', "Man City",  "Chelsea",  2, 0 ),
  ('2017-04-25', "Chelsea",  "Southampton",  4, 2 ),
  ('2017-04-30', "Everton",  "Chelsea",  0, 3 ),
  ('2017-05-08', "Chelsea",  "Middlesbrough",  3, 0 ),
  ('2017-05-17', "West Brom",  "Chelsea",  0, 1 ),
  ('2017-05-15', "Chelsea",  "Watford",  4, 3 ),
  ('2017-05-17', "Chelsea",  "Sunderland",  5, 1 ),

  /* 17/18 Season */
  ('2017-08-12', "Chelsea", "Burnley", 2, 3),
  ('2017-08-20', "Tottenham", "Chelsea",  1, 2),
  ('2017-07-27', "Chelsea",  "Everton",  2, 0 ),
  ('2017-09-09', "Leicester City",  "Chelsea",  1,  2),
  ('2017-09-17', "Chelsea",  "Aresenal",  0, 0 ),
  ('2017-09-23', "Stoke City",  "Chelsea",  0, 4 ),
  ('2017-09-30', "Chelsea",  "Man City",  0, 1 ),
  ('2017-10-14', "Crystal Palace",  "Chelsea",  2, 1 ),
  ('2017-10-21', "Chelsea",  "Watford",  4, 2 ),
  ('2017-10-28', "Bournemouth",  "Chelsea", 0, 1 ),
  ('2017-11-05', "Chelsea",  "Manchester United",  1, 0 ),
  ('2017-11-18', "West Brom",  "Chelsea",  0, 4 ),
  ('2017-11-25', "Liverpool",  "Chelsea",  1, 1 ),
  ('2017-11-29', "Chelsea",  "Swansea City",  1, 0 ),
  ('2017-12-02', "Chelsea",  "Newcastle United",  3, 1 ),
  ('2017-12-09', "West Ham United",  "Chelsea",  1, 0 ),
  ('2017-12-12', "Huddersfield Town",  "Chelsea",  1, 3 ),
  ('2017-12-16', "Chelsea",  "Southampton",  1, 0 ),
  ('2017-12-23', "Everton",  "Chelsea",  0, 0 ),
  ('2017-12-26', "Chelsea",  "Brightion",  2, 0 ),
  ('2017-12-30', "Chelsea",  "Stoke City",  5, 0 ),
  ('2018-01-03', "Arsenal",  "Chelsea",  2, 2 ),
  ('2018-01-13', "Chelsea",  "Leicester City",  2, 2 ),
  ('2018-01-20', "Brighton",  "Chelsea",  0, 4),
  ('2018-01-31', "Chelsea",  "Bournemouth",  0, 3 ),
  ('2018-02-05', "Watford",  "Chelsea",  4, 1 ),
  ('2018-02-12', "Chelsea",  "West Brom",  3, 0 ),
  ('2018-04-21', "Chelsea",  "Chelsea",  null, null ),
  ('2018-04-28', "Swansea City",  "Chelsea",  null, null ),
  ('2018-05-05', "Chelsea",  "Liverpool",  null, null ),
  ('2018-05-13', "Newcastle United",  "Chelsea",  null, null ),
/**/
('2014-08-14', "Newcastle United",  "Man City",  0, 2 ),
('2014-08-25', "Man City",  "Liverpool",  3, 1 ),
('2014-08-30', "Man City",  "Stoke",  0, 1 ),
('2014-09-13', "Arsenal",  "Man City",  2, 2 ),
('2014-09-27', "Hull City",  "Man City",  2, 4 ),
('2014-10-04', "Aston Villa",  "Man City",  0, 2 ),
('2014-10-18', "Man City",  "Tottenham",  4, 1 ),
('2014-10-25', "West Ham United",  "Man City",  0, 2 ),
('2014-11-02', "Man City",  "Manchester United",  1, 0 ),
('2014-11-08', "QPR",  "Man City",  2, 2 ),
('2014-11-22', "Man City",  "Swansea City",  2, 1 ),
('2014-11-30', "Southampton",  "Man City",  0, 3 ),
('2014-12-03', "Sunderland",  "Man City",  1, 4 ),
('2014-12-06', "Man City",  "Everton",  1, 0 ),
('2014-12-13', "Leicester City",  "Man City",  0, 1 ),
('2014-12-20', "Man City",  "Crystal Palace",  3, 0 ),
('2014-12-26', "West Brom",  "Man City",  1, 3 ),
('2014-12-28', "Man City",  "Burnley",  3, 0 ),
('2015-01-01', "Man City",  "Sunderland",  3, 2 ),
('2015-01-10', "Everton",  "Man City",  1, 1 ),
('2015-01-18', "Man City",  "Arsenal",  0, 2 ),
('2015-02-07', "Man City",  "Hull City",  1, 1 ),
('2015-02-11', "Stoke City",  "Man City",  1, 4 ),
('2015-02-21', "Man City",  "Newcastle United",  5, 0 ),
('2015-03-01', "Liverpool",  "Man City",  2, 1 ),
('2015-03-04', "Man City",  "Leicester City",  2, 0 ),
('2015-03-14', "Burnley",  "Man City",  1, 0 ),
('2015-03-21', "Man City",  "West Brom",  3, 0 ),
('2015-04-06', "Crystal Palace",  "Man City",  2, 1 ),
('2015-04-12', "Manchester United",  "Man City",  4, 2 ),
('2015-04-19', "Man City",  "West Ham United",  2, 0 ),
('2015-04-25', "Man City",  "Aston Villa",  3, 2 ),
('2015-05-03', "Tottenham",  "Man City",  0, 1 ),
('2015-05-10', "Man City",  "QPR",  6, 0 ),
('2015-05-17', "Swansea City",  "Man City",  2, 4 ),
('2015-05-24', "Man City",  "Southampton",  2, 0 ),

('2015-08-10', "West Brom",  "Man City",  0, 3 ),
('2015-08-23', "Everton",  "Man City",  0, 2 ),
('2015-08-29', "Man City",  "Watford",  2, 0 ),
('2015-09-12', "Crystal Palace",  "Man City",  0, 1 ),
('2015-09-19', "Man City",  "West Ham United",  1, 2 ),
('2015-09-26', "Tottenham",  "Man City",  4, 1 ),
('2015-10-03', "Man City",  "Newcastle United",  6, 1 ),
('2015-10-17', "Man City",  "Bournemouth",  5, 1 ),
('2015-10-25', "Manchester United",  "Man City",  0, 0 ),
('2015-10-31', "Man City",  "Norwich City",  2, 1 ),
('2015-11-08', "Aston Villa",  "Man City",  0, 0 ),
('2015-11-21', "Man City",  "Liverpool",  1, 4 ),
('2015-11-28', "Man City",  "Southampton",  3, 1 ),
('2015-12-05', "Stoke City",  "Man City",  2, 0 ),
('2015-12-12', "Man City",  "Swansea City",  2, 1 ),
('2015-12-21', "Arsenal",  "Man City",  2, 1 ),
('2015-12-26', "Man City",  "Sunderland",  4, 1 ),
('2015-12-29', "Leicester City",  "Man City",  0, 0 ),
('2016-01-02', "Watford",  "Man City",  1, 2 ),
('2016-01-13', "Man City",  "Everton",  0, 0 ),
('2016-01-16', "Man City",  "Crystal Palace",  4, 0 ),
('2016-01-23', "West Ham United",  "Man City",  2, 2 ),
('2016-02-02', "Sunderland",  "Man City",  0, 1 ),
('2016-02-06', "Man City",  "Leicester City",  1, 3 ),
('2016-02-14', "Man City",  "Tottenham",  1, 2 ),
('2016-03-02', "Liverpool",  "Man City",  3, 0 ),
('2016-03-05', "Man City",  "Aston Villa",  4, 1 ),
('2016-03-12', "Norwich City",  "Man City",  4, 0 ),
('2016-03-20', "Man City",  "Manchester United",  0, 1 ),
('2016-04-02', "Bournemouth",  "Man City",  0, 4 ),
('2016-04-09', "Man City",  "West Brom",  2, 1 ),
('2016-04-19', "Newcastle",  "Man City",  1, 1 ),
('2016-04-23', "Man City",  "Stoke City",  4, 0 ),
('2016-05-01', "Southampton",  "Man City",  4, 2 ),
('2016-05-08', "Man City",  "Arsenal",  2, 2 ),
('2016-05-15', "Swansea City",  "Man City",  1, 1 ),

('2016-08-13', "Man City",  "Sunderland",  2, 1 ),
('2016-08-20', "Stoke City",  "Man City",  1, 4 ),
('2016-08-28', "Man City",  "West Ham United",  3, 1 ),

('2016-09-10', "Manchester United",  "Man City",  1, 2 ),
('2016-09-17', "Man City",  "Bournemouth",  4, 0 ),
('2016-09-24', "Swansea City",  "Man City",  1, 3 ),

('2016-10-02', "Tottenham",  "Man City",  2, 0 ),
('2016-10-15', "Man City",  "Everton",  1, 1 ),
('2016-10-15', "Man City",  "Southampton",  1, 1 ),
('2016-10-15', "West Brom",  "Man City",  0, 4 ),

('2016-11-05', "Man City",  "Middlesbrough",  1, 1 ),
('2016-11-19', "Crystal Palace",  "Man City",  1, 2 ),
('2016-11-26', "Burnley",  "Man City",  1, 2 ),

('2016-12-10', "Leicester City",  "Man City",  1, 2 ),
('2016-12-14', "Man City",  "Watford",  2, 0 ),
('2016-12-18', "Man City",  "Arsenal",  2, 1 ),
('2016-12-26', "Hull City",  "Man City",  0, 3 ),
('2016-12-31', "Liverpool",  "Man City",  1, 0 ),

('2017-01-02', "Man City",  "Burnley",  2, 1 ),
('2017-01-02', "Everton",  "Man City",  4, 0 ),
('2017-01-02', "Man City",  "Tottenham",  2, 2 ),

('2017-02-02', "West Ham Uinted",  "Man City",  0, 4 ),
('2017-02-05', "Man City",  "Swansea City",  2, 1 ),
('2017-02-13', "Bournemouth",  "Man City",  0, 2 ),

('2017-03-05', "Sunderland",  "Man City",  0, 2 ),
('2017-03-08', "Man City",  "Stoke City",  0, 0 ),
('2017-03-19', "Man City",  "Liverpool",  1, 1 ),

('2017-04-02', "Arsenal",  "Man City",  2, 2 ),
('2017-04-08', "Man City",  "Hull City",  3, 1 ),
('2017-04-15', "Southampton",  "Man City",  0, 3 ),
('2017-04-27', "Man City",  "Manchester United",  0, 0 ),
('2017-04-30', "Middlesbrough",  "Man City",  2, 2 ),

('2017-05-06', "Man City",  "Crystal Palace",  5, 0 ),
('2017-05-13', "Man City",  "Leicester City",  2, 1 ),
('2017-05-16', "Man City",  "West Brom",  3, 1 ),
('2017-05-21', "Watford",  "Man City",  0, 5 ),

/* 17/18 */

('2017-08-12', "Brighton",  "Man City",  0, 2 ),
('2017-08-21', "Man City",  "Everton",  1, 1 ),
('2017-08-21', "Bournemouth",  "Man City",  1, 2 ),

('2017-09-09', "Man City",  "Liverpool",  5, 0 ),
('2017-09-16', "Watford",  "Man City",  0, 6 ),
('2017-09-23', "Man City",  "Crystal Palace",  5, 0 ),

('2017-10-14', "Man City",  "Stoke City",  7, 2 ),
('2017-10-21', "Man City",  "Burnley",  3, 0 ),
('2017-10-28', "West Brom",  "Man City",  2, 3 ),

('2017-11-05', "Man City",  "Arsenal",  3, 1 ),
('2017-11-18', "Leicester City",  "Man City",  0, 2 ),
('2017-11-26', "Huddersfield Town",  "Man City",  1, 2 ),
('2017-11-29', "Man City",  "Southampton",  2, 1 ),

('2017-12-03', "Man City",  "West Ham United",  2, 1 ),
('2017-12-10', "Manchester United",  "Man City",  1, 2 ),
('2017-12-13', "Swansea City",  "Man City",  0, 4 ),
('2017-12-16', "Man City",  "Tottenham",  4, 1 ),
('2017-12-23', "Man City",  "Southampton",  4, 0 ),
('2017-12-27', "Newcastle United",  "Man City",  0, 1 ),
('2017-12-31', "Crystal Palace",  "Man City",  0, 1 ),

('2018-01-02', "Man City",  "Watford",  3, 1 ),
('2018-01-14', "Liverpool",  "Man City",  4, 3 ),
('2018-01-20', "Man City",  "Newcastle United",  3, 1 ),
('2018-01-31', "Man City",  "West Brom",  3, 0 ),

('2018-02-03', "Burnely",  "Man City",  1, 1 ),
('2018-02-10', "Man City",  "Leicester City",  5, 1 ),


('2018-04-22', "Man City",  "Leicester City",  null, null ),
('2018-04-29', "West Ham United",  "Man City",  null, null ),
('2018-05-05', "Man City",  "Huddersfield Town",  null, null ),
('2018-05-13', "Southampton",  "Man City",  null, null ),
  /* Arsenal */
  /* 14/15 Season */
  ('2014-08-16', "Arsenal",  "Crystal Palace",  2, 1 ),
  ('2014-08-23', "Everton",  "Arsenal",  2, 2 ),
  ('2014-08-31', "Leicester City",  "Arsenal",  1, 1 ),
  ('2014-09-20', "Aston Villa",  "Arsenal",  0, 3 ),
  ('2014-09-27', "Arsenal",  "Tottenham",  1, 1 ),
  ('2014-10-18', "Arsenal",  "Hull City",  2, 2 ),
  ('2014-10-25', "Sunderland",  "Arsenal",  0, 2 ),
  ('2014-11-01', "Arsenal",  "Burnley",  3, 0 ),
  ('2014-11-09', "Swansea City",  "Arsenal",  2, 1 ),
  ('2014-11-22', "Arsenal",  "Manchester United",  1, 2 ),
  ('2014-11-29', "West Brom",  "Arsenal",  0, 1 ),
  ('2014-12-03', "Arsenal",  "Southampton",  1, 0 ),
  ('2014-12-06', "Stoke City",  "Arsenal",  3, 2 ),
  ('2014-12-14', "Arsenal",  "Newcastle United",  4, 1 ),
  ('2014-12-21', "Liverpool",  "Arsenal",  2, 2 ),
  ('2014-12-26', "Arsenal",  "QPR",  2, 1 ),
  ('2014-12-28', "West Ham United",  "Arsenal",  1, 2 ),
  ('2015-01-01', "Southampton",  "Arsenal",  2, 0 ),
  ('2015-01-11', "Arsenal",  "Stoke City",  3, 0 ),
  ('2015-02-01', "Arsenal",  "Aston Villa",  5, 0 ),
  ('2015-02-07', "Tottenham",  "Arsenal",  2, 1 ),
  ('2015-02-10', "Arsenal",  "Leicester City",  2, 1 ),
  ('2015-02-21', "Crystal Palace",  "Arsenal",  1, 2 ),
  ('2015-03-01', "Arsenal",  "Everton",  2, 0 ),
  ('2015-03-04', "QPR",  "Arsenal",  1, 2 ),
  ('2015-03-14', "Arsenal",  "West Ham United",  3, 0 ),
  ('2015-03-21', "Newcastle United",  "Arsenal",  1, 2 ),
  ('2015-04-04', "Arsenal",  "Liverpool",  4, 1 ),
  ('2015-04-11', "Burnely",  "Arsenal",  0, 1 ),
  ('2015-05-07', "Hull City",  "Arsenal",  1, 3 ),
  ('2015-05-11', "Arsenal",  "Swansea City",  0, 1 ),
  ('2015-05-17', "Manchester United",  "Arsenal",  1, 1 ),
  ('2015-05-20', "Arsenal",  "Sunderland",  0, 0 ),
  ('2015-05-24', "Arsenal",  "West Brom",  4, 1 ),

  /* 15/16*/

  ('2015-08-09', "Arsenal",  "West Ham United",  0, 2 ),
  ('2015-08-16', "Crystal Palace",  "Arsenal",  1, 2 ),
  ('2015-08-24', "Arsenal",  "Liverpool",  0, 0 ),
  ('2015-08-29', "Newcastle",  "Arsenal",  0, 1 ),
  ('2015-09-12', "Arsenal",  "Stoke City",  2, 0 ),
  ('2015-09-26', "Leicester City",  "Arsenal",  2, 5 ),
  ('2015-10-04', "Arsenal",  "Manchester United",  3, 0 ),
  ('2015-10-17', "Watford",  "Arsenal",  0, 3 ),
  ('2015-10-24', "Arsenal",  "Everton",  2, 1 ),
  ('2015-10-31', "Swansea City",  "Arsenal",  0, 3 ),
  ('2015-11-21', "West Brom",  "Arsenal",  2, 1 ),
  ('2015-11-29', "Norwich City",  "Arsenal",  1, 1 ),
  ('2015-12-05', "Arsenal",  "Sunderland",  3, 1 ),
  ('2015-12-13', "Aston Villa",  "Arsenal",  0, 2 ),
  ('2015-12-26', "Southampton",  "Arsenal",  4, 0 ),
  ('2015-12-28', "Arsenal",  "Bournemouth",  2, 0 ),
  ('2016-01-02', "Arsenal",  "Newcastle United",  1, 0 ),
  ('2016-01-13', "Liverpool",  "Arsenal",  3, 3 ),
  ('2016-01-17', "Stoke City",  "Arsenal",  0, 0 ),
  ('2016-02-02', "Arsenal",  "Southampton",  0, 0 ),
  ('2016-02-07', "Bournemouth",  "Arsenal",  0, 2 ),
  ('2016-02-14', "Arsenal",  "Leicester City",  2, 1 ),
  ('2016-02-28', "Manchester United",  "Arsenal",  3, 2 ),
  ('2016-03-02', "Arsenal",  "Swansea City",  1, 2 ),
  ('2016-03-19', "Everton",  "Arsenal",  0, 2 ),
  ('2016-04-02', "Arsenal",  "Watford",  4, 0 ),
  ('2016-04-09', "West Ham United",  "Arsenal",  3, 3 ),
  ('2016-04-17', "Arsenal",  "Crystal Palace",  1, 1 ),
  ('2016-04-21', "Arsenal",  "West Brom",  2, 0 ),
  ('2016-04-24', "Sunderland",  "Arsenal",  0, 0 ),
  ('2016-04-30', "Arsenal",  "Norwich City",  1, 0 ),
  ('2016-05-15', "Arsenal",  "Aston Villa",  4, 0 ),

  /* 16/17 */
  ('2016-08-14', "Arsenal",  "Liverpool",  3, 4 ),
  ('2016-08-20', "Leicester City",  "Arsenal",  0, 0 ),
  ('2016-08-27', "Watford",  "Arsenal",  1, 3 ),
  ('2016-09-10', "Arsenal",  "Southampton",  2, 1 ),
  ('2016-09-17', "Hull City",  "Arsenal",  1, 4 ),
  ('2016-10-02', "Burnely",  "Arsenal",  0, 1 ),
  ('2016-10-15', "Arsenal",  "Swansea City",  3, 2 ),
  ('2016-10-22', "Arsenal",  "Middlesbrough",  0, 0 ),
  ('2016-10-29', "Sunderland",  "Arsenal",  1, 4 ),
  ('2016-11-19', "Manchester United",  "Arsenal",  1, 1 ),
  ('2016-11-27', "Arsenal",  "Bournemouth",  3, 1 ),
  ('2016-12-03', "West Ham United",  "Arsenal",  1, 5 ),
  ('2016-12-10', "Arsenal",  "Stoke City",  3, 1 ),
  ('2016-12-13', "Everton",  "Arsenal",  2, 1 ),
  ('2016-12-26', "Arsenal",  "West Brom",  1, 0 ),
  ('2017-01-01', "Arsenal",  "Crystal Palace",  2, 0 ),
  ('2017-01-03', "Bournemouth",  "Arsenal",  3, 3 ),
  ('2017-01-14', "Swansea City",  "Arsenal",  0, 4 ),
  ('2017-01-22', "Arsenal",  "Burnely",  2, 1 ),
  ('2017-01-31', "Arsenal",  "Watford",  1, 2 ),
  ('2017-02-11', "Arsenal",  "Hull City",  2, 0 ),
  ('2017-03-04', "Liverpool",  "Arsenal",  3, 1 ),
  ('2017-03-18', "West Brom",  "Arsenal",  3, 1 ),
  ('2017-04-05', "Arsenal",  "West Ham United",  3, 0 ),
  ('2017-04-10', "Crystal Palace",  "Arsenal",  3, 0 ),
  ('2017-04-17', "Middlesbrough",  "Arsenal",  1, 2 ),
  ('2017-04-26', "Arsenal",  "Leicester City",  1, 0 ),
  ('2017-05-07', "Arsenal",  "Manchester United",  2, 0 ),
  ('2017-05-10', "Southampton",  "Arsenal",  0, 2 ),
  ('2017-05-13', "Stoke City",  "Arsenal",  1, 4 ),
  ('2017-05-16', "Arsenal",  "Sunderland",  2, 0 ),
  ('2017-05-21', "Arsenal",  "Everton",  3, 1 ),

  /* 17/18 */

  ('2017-08-11', "Arsenal",  "Leicester City",  4, 3 ),
  ('2017-08-19', "Stoke City",  "Arsenal",  1, 0 ),
  ('2017-08-27', "Liverpool",  "Arsenal",  4, 0 ),
  ('2017-09-09', "Arsenal",  "Bournemouth",  4, 0 ),
  ('2017-09-25', "Arsenal",  "West Brom",  2, 0 ),
  ('2017-10-01', "Arsenal",  "Brighton",  2, 0 ),
  ('2017-10-14', "Watford",  "Arsenal",  2, 1 ),
  ('2017-10-22', "Everton",  "Arsenal",  2, 5 ),
  ('2017-10-28', "Arsenal",  "Swansea City",  2, 1 ),
  ('2017-11-26', "Burnley",  "Arsenal",  0, 1 ),
  ('2017-11-29', "Arsenal",  "Huddersfield",  5, 0 ),
  ('2017-12-02', "Arsenal",  "Manchester United",  1, 3 ),
  ('2017-12-10', "Southampton",  "Arsenal",  1, 1 ),
  ('2017-12-13', "West Ham United",  "Arsenal",  0, 0 ),
  ('2017-12-16', "Arsenal",  "Newcastle",  1, 0 ),
  ('2017-12-22', "Arsenal",  "Liverpool",  3, 3 ),
  ('2017-12-28', "Crystal Palace",  "Arsenal",  2, 3 ),
  ('2017-12-31', "West Brom",  "Arsenal",  1, 1 ),
  ('2018-01-14', "Bournemouth",  "Arsenal",  2, 1 ),
  ('2018-01-20', "Arsenal",  "Crystal Palace",  4, 1 ),
  ('2018-01-30', "Swansea City",  "Arsenal",  3, 1 ),
  ('2018-02-03', "Arsenal",  "Everton",  5, 1 ),
  ('2018-04-23', "Arsenal",  "West Ham United",  null, null ),
  ('2018-04-29', "Manchester United",  "Arsenal",  null, null ),
  ('2018-05-05', "Arsenal",  "Burnley",  null, null ),
  ('2018-05-13', "Huddersfield Town",  "Arsenal",  null, null ),


  /* Spurs 17/18 */

  /* Spurs 17/18 */
  ('2014-09-16', "West Ham United",  "Tottenham",  0, 1 ),
  ('2014-08-24', "Tottenham",  "QPR",  4, 0 ),
  ('2014-08-31', "Tottenham",  "Liverpool",  0, 3 ),
  ('2014-09-13', "Sunderland",  "Tottenham",  2, 2 ),
  ('2014-09-21', "Tottenham",  "West Brom",  0, 1 ),
  ('2014-10-05', "Tottenham",  "Southampton",  1, 0 ),
  ('2014-10-26', "Tottenham",  "Newcastle United",  1, 2 ),
  ('2014-11-02', "Aston Villa",  "Tottenham",  1, 2 ),
  ('2014-11-09', "Tottenham",  "Stoke City",  1, 2 ),
  ('2014-11-23', "Hull City",  "Tottenham",  1, 2 ),
  ('2014-11-30', "Tottenham",  "Everton",  2, 1 ),
  ('2014-12-06', "Tottenham",  "Crystal Palace",  0, 0 ),
  ('2014-12-14', "Swansea City",  "Tottenham",  1, 2 ),
  ('2014-12-20', "Tottenham",  "Burnley",  2, 1 ),
  ('2014-12-26', "Leicester City",  "Tottenham",  1, 2 ),
  ('2014-12-28', "Tottenham",  "Manchester  United",  0, 0 ),
  ('2015-01-10', "Crystal Palace",  "Tottenham",  2, 1 ),
  ('2015-01-17', "Totenham Hotspur",  "Sunderland",  2, 1 ),
  ('2015-01-31', "West Brom",  "Tottenham",  0, 3 ),
  ('2015-02-10', "Liverpool",  "Tottenham",  3, 2 ),
  ('2015-02-22', "Tottenham",  "West Ham United",  2, 2 ),
  ('2015-03-04', "Tottenham",  "Swansea City",  3, 2 ),
  ('2015-03-07', "QPR",  "Tottenham",  1, 2 ),
  ('2015-03-15', "Manchester United",  "Tottenham",  3, 0 ),
  ('2015-03-21', "Tottenham",  "Leicester City",  4, 3 ),
  ('2015-04-05', "Burnley",  "Tottenham",  0, 0 ),
  ('2015-04-11', "Tottenham",  "Aston Villa",  0, 1 ),
  ('2015-04-19', "Newcastle United",  "Tottenham",  1, 3 ),
  ('2015-04-25', "Southampton",  "Tottenham",  2, 2 ),
  ('2015-05-09', "Stoke City",  "Tottenham",  3, 0 ),
  ('2015-05-16', "Tottenham",  "Hull City",  2, 0 ),
  ('2015-05-24', "Everton",  "Tottenham",  0, 1 ),

  ('2015-08-08', "Manchester United",  "Tottenham",  1, 0 ),
  ('2015-08-15', "Tottenham",  "Stoke City",  2, 2 ),
  ('2015-08-22', "Leicester City",  "Tottenham",  1, 1 ),
  ('2015-08-29', "Tottenham",  "Everton",  0, 0 ),
  ('2015-09-13', "Sunderland",  "Tottenham",  0, 1 ),
  ('2015-09-20', "Tottenham",  "Crystal Palace",  1, 0 ),
  ('2015-10-04', "Swansea City",  "Tottenham",  2, 2 ),
  ('2015-10-17', "Tottenham",  "Liverpool",  0, 0 ),
  ('2015-10-25', "Bournemouth",  "Tottenham",  1, 5 ),
  ('2015-11-02', "Tottenham",  "Aston Villa",  3, 1 ),
  ('2015-11-22', "Tottenham",  "West ham United",  4, 1 ),
  ('2015-12-05', "West Brom",  "Tottenham",  1, 1 ),
  ('2015-12-13', "Tottenham",  "Newcastle United",  1, 2 ),
  ('2015-12-19', "Southampton",  "Tottenham",  0, 2 ),
  ('2015-12-26', "Tottenham",  "Norwich City",  3, 0 ),
  ('2015-12-28', "Watford",  "Tottenham",  1, 2 ),
  ('2016-01-03', "Everton",  "Tottenham",  1, 1 ),
  ('2016-01-13', "Tottenham",  "Leicester City",  0, 1 ),
  ('2016-01-16', "Tottenham",  "Sunderland",  4, 1 ),
  ('2016-01-23', "Crystal Palace",  "Tottenham",  1, 3 ),
  ('2016-02-02', "Norwich City",  "Tottenham",  0, 3 ),
  ('2016-02-06', "Tottenham",  "Watford",  1, 0 ),
  ('2016-02-28', "Tottenham",  "Swansea City",  2, 1 ),
  ('2016-03-02', "West Ham United",  "Tottenham",  1, 0 ),
  ('2016-03-13', "Aston Villa",  "Tottenham",  0, 2 ),
  ('2016-03-20', "Tottenham",  "Bournemouth",  3, 0 ),
  ('2016-04-02', "Liverpool",  "Tottenham",  1, 1 ),
  ('2016-04-10', "Tottenham",  "Manchester United",  3, 0 ),
  ('2016-04-18', "Stoke City",  "Tottenham",  0, 4 ),
  ('2016-04-25', "Tottenham",  "West Brom",  1, 1 ),
  ('2016-05-08', "Tottenham",  "Southampton",  1, 2 ),
  ('2016-05-15', "Newcastle",  "Tottenham",  5, 1 ),

  ('2016-08-13', "Everton",  "Tottenham",  1, 1 ),
  ('2016-08-20', "Tottenham",  "Crystal Palace",  1, 0 ),
  ('2016-08-27', "Tottenham",  "Liverpool",  1, 1 ),
  ('2016-09-10', "Stoke City",  "Tottenham",  0, 4 ),
  ('2016-09-18', "Tottenham",  "Sunderland",  1, 0 ),
  ('2016-09-24', "Middlesbrough",  "Tottenham",  1, 2 ),
  ('2016-10-15', "West Brom",  "Tottenham",  1, 1 ),
  ('2016-10-22', "Bournemouth",  "Tottenham",  0, 0 ),
  ('2016-10-29', "Tottenham",  "Leicester City",  1, 1 ),
  ('2016-11-19', "Tottenham",  "West Ham United",  3, 2 ),
  ('2016-12-03', "Tottenham",  "Swansea City",  5, 0 ),
  ('2016-12-11', "Manchester United",  "Tottenham",  1, 0 ),
  ('2016-12-14', "Tottenham",  "Hull City",  3, 0 ),
  ('2016-12-18', "Tottenham",  "Burnley",  2, 1 ),
  ('2016-12-28', "Southampton",  "Tottenham",  1, 4 ),
  ('2017-01-01', "Watford",  "Tottenham",  1, 4 ),
  ('2017-01-14', "Tottenham",  "West Brom",  4, 0 ),
  ('2017-01-31', "Sunderland",  "Tottenham",  0, 0 ),
  ('2017-02-04', "Tottenham",  "Midllesbrough",  1, 0 ),
  ('2017-02-11', "Liverpool",  "Tottenham",  2, 0 ),
  ('2017-02-26', "Tottenham",  "Stoke City",  4, 0 ),
  ('2017-03-05', "Tottenham",  "Everton",  3, 2 ),
  ('2017-03-19', "Tottenham",  "Southampton",  2, 1 ),
  ('2017-04-01', "Burnley",  "Tottenham",  0, 2 ),
  ('2017-04-05', "Swansea City",  "Tottenham",  1, 3 ),
  ('2017-04-08', "Tottenham",  "Watford",  4, 0 ),
  ('2017-04-15', "Tottenham",  "Bournemouth",  4, 0 ),
  ('2017-04-26', "Crystal Palace",  "Tottenham",  0, 1 ),
  ('2017-05-05', "West Ham United",  "Tottenham",  1, 0 ),
  ('2017-05-14', "Tottenham",  "Manchester United",  2, 1 ),
  ('2017-05-18', "Leicester City",  "Tottenham",  1, 6 ),
  ('2017-05-21', "Hull City",  "Tottenham",  1, 7 ),


  ('2017-08-13', "Newcastle United",  "Tottenham",  0, 2 ),
  ('2017-08-27', "Tottenham",  "Arsenal",  1, 1 ),

  ('2017-09-09', "Everton",  "Tottenham",  0, 3 ),
  ('2017-09-16', "Tottenham",  "Swansea City",  0, 0 ),
  ('2017-09-23', "West Ham United",  "Tottenham",  2, 3 ),
  ('2017-09-30', "Huddersfield Town",  "Tottenham",  0, 4 ),

  ('2017-10-14', "Tottenham",  "Crystal Palace",  1, 0 ),
  ('2017-10-22', "Tottenham",  "Liverpool",  4, 1 ),
  ('2017-10-28', "Manchester United",  "Tottenham",  1, 0 ),

  ('2017-11-05', "Tottenham",  "Crystal Palace",  1, 0 ),
  ('2017-11-25', "Tottenham",  "West Brom",  1, 1 ),
  ('2017-11-28', "Leicester City",  "Tottenham",  2, 1 ),

  ('2017-12-02', "Watford",  "Tottenham",  1, 1 ),
  ('2017-12-09', "Tottenham",  "Stoke City",  5, 1 ),
  ('2017-12-13', "Tottenham",  "Brighton",  2, 0 ),
  ('2017-12-23', "Burnley",  "Tottenham",  0, 3 ),

  ('2018-01-02', "Swansea City",  "Tottenham",  0, 2 ),
  ('2018-01-04', "Tottenham",  "West Ham United",  1, 1 ),
  ('2018-01-13', "Tottenham",  "Everton", 4, 0 ),
  ('2018-01-21', "Southampton",  "Tottenham",  1, 1 ),
  ('2018-01-31', "Tottenham",  "Manchester United",  2, 0 ),

  ('2018-02-04', "Liverpool",  "Tottenham",  2, 2 ),
  ('2018-02-25', "Crystal Palace",  "Tottenham",  0, 1 ),

  ('2018-04-20', "Brighton",  "Tottenham",  null, null ),
  ('2018-04-30', "Tottenham",  "Watford",  null, null ),
  ('2018-05-05', "West Brom",  "Tottenham",  null, null ),
  ('2018-05-13', "Tottenham",  "Leicester City",  null, null )

;

INSERT INTO News (CLUBID, TITLE, CONTENT, AUTHOR) VALUES
  (1, "Sample Title", "Sample Content", "Joe Bloggs"),
  (1, "Sample Title", "Sample Content", "Joe Bloggs"),
  (1, "Sample Title", "Sample Content", "Joe Bloggs"),
  (1, "Sample Title", "Sample Content", "Joe Bloggs"),
  (2, "Another Sample Title", "Some more sample content", "Joe Bloggs"),
  (2, "Sample Title", "Sample Content", "Joe Bloggs"),
  (3, "A third Sample Title", "Some more sample content", "Joe Bloggs"),
  (3, "Sample Title", "Sample Content", "Joe Bloggs"),
  (4, "Sample Title: IV: A new hope", "Some more sample content", "Joe Bloggs"),
  (4, "Sample Title", "Some content", "Joe Bloggs")
;
